{
  "stamps": [
    {
      "name": "Zayin",
      "pattern": [
        {
          "row": 0,
          "col": 0,
          "color": {
            "name": "white",
            "hex": "#ffffff",
            "class": ""
          },
          "shape": {
            "name": "Top-Left",
            "class": "brick-tl",
            "id": 2
          }
        },
        {
          "row": 0,
          "col": 1,
          "color": {
            "name": "white",
            "hex": "#ffffff",
            "class": ""
          },
          "shape": {
            "name": "Full",
            "class": "brick-full",
            "id": 1
          }
        },
        {
          "row": 0,
          "col": 2,
          "color": {
            "name": "white",
            "hex": "#ffffff",
            "class": ""
          },
          "shape": {
            "name": "Full",
            "class": "brick-full",
            "id": 1
          }
        },
        {
          "row": 0,
          "col": 3,
          "color": {
            "name": "white",
            "hex": "#ffffff",
            "class": ""
          },
          "shape": {
            "name": "Top-Right",
            "class": "brick-tr",
            "id": 3
          }
        },
        {
          "row": 1,
          "col": 0,
          "color": {
            "name": "white",
            "hex": "#ffffff",
            "class": ""
          },
          "shape": {
            "name": "Bottom-Left",
            "class": "brick-bl",
            "id": 5
          }
        },
        {
          "row": 1,
          "col": 1,
          "color": {
            "name": "white",
            "hex": "#ffffff",
            "class": ""
          },
          "shape": {
            "name": "Full",
            "class": "brick-full",
            "id": 1
          }
        },
        {
          "row": 1,
          "col": 2,
          "color": {
            "name": "white",
            "hex": "#ffffff",
            "class": ""
          },
          "shape": {
            "name": "Full",
            "class": "brick-full",
            "id": 1
          }
        },
        {
          "row": 1,
          "col": 3,
          "color": {
            "name": "white",
            "hex": "#ffffff",
            "class": ""
          },
          "shape": {
            "name": "Bottom-Right",
            "class": "brick-br",
            "id": 4
          }
        },
        {
          "row": 2,
          "col": 1,
          "color": {
            "name": "white",
            "hex": "#ffffff",
            "class": ""
          },
          "shape": {
            "name": "Full",
            "class": "brick-full",
            "id": 1
          }
        },
        {
          "row": 2,
          "col": 2,
          "color": {
            "name": "white",
            "hex": "#ffffff",
            "class": ""
          },
          "shape": {
            "name": "Top-Right",
            "class": "brick-tr",
            "id": 3
          }
        },
        {
          "row": 3,
          "col": 1,
          "color": {
            "name": "white",
            "hex": "#ffffff",
            "class": ""
          },
          "shape": {
            "name": "Full",
            "class": "brick-full",
            "id": 1
          }
        },
        {
          "row": 3,
          "col": 2,
          "color": {
            "name": "white",
            "hex": "#ffffff",
            "class": ""
          },
          "shape": {
            "name": "Full",
            "class": "brick-full",
            "id": 1
          }
        },
        {
          "row": 4,
          "col": 1,
          "color": {
            "name": "white",
            "hex": "#ffffff",
            "class": ""
          },
          "shape": {
            "name": "Bottom-Left",
            "class": "brick-bl",
            "id": 5
          }
        },
        {
          "row": 4,
          "col": 2,
          "color": {
            "name": "white",
            "hex": "#ffffff",
            "class": ""
          },
          "shape": {
            "name": "Bottom-Right",
            "class": "brick-br",
            "id": 4
          }
        }
      ],
      "width": 4,
      "height": 5
    }
  ]
}